{
  "metadata": {
    "created": "2025-10-27T20:56:24.528902",
    "version": "1.0",
    "description": "Master Citation Inventory for HIRM Research",
    "doc1_source": "Mathematical_Formalization_of_Consciousness__64_Papers.md",
    "doc2_source": "Ouroboros_Observer_Theory__Comprehensive_Literature_Corpus.md",
    "total_unique_papers": 56,
    "doc1_papers": 42,
    "doc2_papers": 14,
    "overlaps_identified": 1,
    "extraction_method": "comprehensive_manual_systematic",
    "note": "Doc1 claims 64 papers but only 42 have complete extractable citations. Doc2 mathematical section has 15 papers with 1 overlap identified."
  },
  "overlaps": [
    {
      "paper_id": "P030",
      "doc1_entry": "Friston, K. & Ao, P. (2012)",
      "doc2_entry": "Friston, Breakspear & Deco (2012)",
      "resolution": "Same paper with different author listings - likely Doc2 is more complete",
      "unified_id": "P030",
      "keep_version": "Doc1"
    }
  ],
  "papers": [
    {
      "id": "P001",
      "authors": "Kleiner, J.",
      "year": 2024,
      "title": "Topics in Mathematical Consciousness Science",
      "type": "Dissertation",
      "institution": "Ludwig Maximilian University Munich",
      "section": "Category theory",
      "source": "Doc1"
    },
    {
      "id": "P002",
      "authors": "Kleiner, J.",
      "year": 2024,
      "title": "Towards a structural turn in consciousness science",
      "journal": "Consciousness and Cognition",
      "volume": "119",
      "pages": "103653",
      "section": "Category theory",
      "source": "Doc1"
    },
    {
      "id": "P003",
      "authors": "Tsuchiya, N. & Phillips, S.",
      "year": 2024,
      "title": "Towards a (meta-)mathematical theory of consciousness: universal (mapping) properties of experience",
      "journal": "arXiv",
      "arxiv": "2412.12179",
      "section": "Category theory",
      "source": "Doc1"
    },
    {
      "id": "P004",
      "authors": "Tsuchiya, N., Phillips, S., & Saigo, H.",
      "year": 2021,
      "title": "Enriched category theory models qualia structure",
      "journal": "Neuroscience of Consciousness",
      "volume": "2021",
      "issue": "2",
      "doi": "niab034",
      "section": "Category theory",
      "source": "Doc1"
    },
    {
      "id": "P005",
      "authors": "Yanofsky, N.",
      "year": 2003,
      "title": "A Universal Approach to Self-Referential Paradoxes, Incompleteness and Fixed Points",
      "journal": "Bulletin of Symbolic Logic",
      "volume": "9",
      "issue": "3",
      "pages": "362-386",
      "section": "Category theory",
      "source": "Doc1"
    },
    {
      "id": "P006",
      "authors": "Barreto, J.",
      "year": 2025,
      "title": "Updated applications survey: programming languages, type theory, homotopy type theory",
      "journal": "arXiv",
      "arxiv": "2503.13536",
      "section": "Category theory",
      "source": "Doc1"
    },
    {
      "id": "P007",
      "authors": "Riddle, J. & Schooler, J.",
      "year": 2024,
      "title": "Nested Observer Windows (NOW) Model",
      "journal": "Neuroscience of Consciousness",
      "volume": "2024",
      "issue": "1",
      "doi": "niae010",
      "section": "Self-reference quantification",
      "source": "Doc1"
    },
    {
      "id": "P008",
      "authors": "Bruna",
      "year": 2025,
      "title": "Resonance Complexity Theory",
      "journal": "arXiv",
      "arxiv": "2505.20580v1",
      "section": "Self-reference quantification",
      "source": "Doc1"
    },
    {
      "id": "P009",
      "authors": "Trukovich, J.",
      "year": 2025,
      "title": "From reaction to reflection: A recursive framework for the evolution and structure of intelligence",
      "journal": "Biosystems",
      "volume": "250",
      "doi": "105408",
      "section": "Self-reference quantification",
      "source": "Doc1"
    },
    {
      "id": "P010",
      "authors": "Ruffini",
      "year": 2017,
      "title": "Kolmogorov complexity framework for consciousness",
      "journal": "Neuroscience of Consciousness",
      "volume": "2017",
      "issue": "1",
      "doi": "nix019",
      "section": "Self-reference quantification",
      "source": "Doc1"
    },
    {
      "id": "P011",
      "authors": "Camlin",
      "year": 2025,
      "title": "RC+\u03be epistemic tension framework",
      "journal": "arXiv",
      "arxiv": "2505.01464v1",
      "section": "Self-reference quantification",
      "source": "Doc1"
    },
    {
      "id": "P012",
      "authors": "Le Bihan, D.",
      "year": 2023,
      "title": "From Black Holes Entropy to Consciousness: The Dimensions of the Brain Connectome",
      "journal": "Entropy",
      "volume": "25",
      "issue": "12",
      "doi": "1645",
      "section": "Holographic principles",
      "source": "Doc1"
    },
    {
      "id": "P013",
      "authors": "Le Bihan, D.",
      "year": 2024,
      "title": "Scaling in the Brain",
      "journal": "Brain Multiphysics",
      "volume": "6",
      "doi": "100102",
      "section": "Holographic principles",
      "source": "Doc1"
    },
    {
      "id": "P014",
      "authors": "Haranas et al.",
      "year": 2020,
      "title": "Bekenstein bound applications to brain information capacity",
      "journal": "Advances in Experimental Medicine and Biology",
      "volume": "1232",
      "section": "Holographic principles",
      "source": "Doc1"
    },
    {
      "id": "P015",
      "authors": "Lynn, C.",
      "year": 2016,
      "title": "Neurobiology as Information Physics",
      "journal": "Frontiers in Systems Neuroscience",
      "volume": "10",
      "doi": "90",
      "section": "Holographic principles",
      "source": "Doc1"
    },
    {
      "id": "P016",
      "authors": "Edwards, D.",
      "year": 2025,
      "title": "Further N-Frame networking dynamics of conscious observer-self agents",
      "journal": "Frontiers in Computational Neuroscience",
      "volume": "19",
      "doi": "1551960",
      "section": "Holographic principles",
      "source": "Doc1"
    },
    {
      "id": "P017",
      "authors": "Trukovich, J.",
      "year": 2024,
      "title": "From Self to Cosmos: The Transition of Consciousness through Symmetry Breaking",
      "journal": "SSRN Abstract",
      "doi": "4998925",
      "section": "Holographic principles",
      "source": "Doc1"
    },
    {
      "id": "P018",
      "authors": "Unknown",
      "year": 2024,
      "title": "Information-Induced Wavefunction Collapse: A Quantized View of Observation",
      "journal": "Research Square",
      "preprint": "rs-6851199/v1",
      "section": "Quantum measurement",
      "source": "Doc1"
    },
    {
      "id": "P019",
      "authors": "Google Quantum AI",
      "year": 2024,
      "title": "Quantum error correction below the surface code threshold",
      "journal": "Nature",
      "volume": "638",
      "pages": "920-926",
      "section": "Quantum measurement",
      "source": "Doc1"
    },
    {
      "id": "P020",
      "authors": "Das et al.",
      "year": 2024,
      "title": "Holevo bound framework for quantum measurement",
      "journal": "arXiv",
      "arxiv": "2405.09622",
      "section": "Quantum measurement",
      "source": "Doc1"
    },
    {
      "id": "P021",
      "authors": "Mancino et al.",
      "year": 2018,
      "title": "The entropic cost of quantum generalized measurements",
      "journal": "npj Quantum Information",
      "volume": "4",
      "doi": "20",
      "section": "Quantum measurement",
      "source": "Doc1"
    },
    {
      "id": "P022",
      "authors": "Pauwels et al.",
      "year": 2025,
      "title": "Classification of quantum measurements by entanglement cost",
      "journal": "Physical Review X",
      "volume": "15",
      "doi": "021013",
      "section": "Quantum measurement",
      "source": "Doc1"
    },
    {
      "id": "P023",
      "authors": "Zanardi, P., Giorda, P., & Cozzini, M.",
      "year": 2007,
      "title": "Information geometry of quantum phase transitions",
      "journal": "Physical Review Letters",
      "volume": "99",
      "doi": "100603",
      "section": "Quantum measurement",
      "source": "Doc1"
    },
    {
      "id": "P024",
      "authors": "Carollo, Valenti, & Spagnolo",
      "year": 2020,
      "title": "Geometry of quantum phase transitions",
      "journal": "Physics Reports",
      "volume": "838",
      "pages": "1-72",
      "section": "Quantum measurement",
      "source": "Doc1"
    },
    {
      "id": "P025",
      "authors": "Tsuda, I.",
      "year": 2015,
      "title": "Chaotic Itinerancy and Its Roles in Cognitive Neurodynamics",
      "journal": "Current Opinion in Neurobiology",
      "volume": "31",
      "pages": "67-71",
      "section": "Chaotic dynamics",
      "source": "Doc1"
    },
    {
      "id": "P026",
      "authors": "Kaneko",
      "year": 2002,
      "title": "Dominance of Milnor attractors in globally coupled dynamical systems with more than 7\u00b12 degrees of freedom",
      "journal": "Physical Review E",
      "volume": "66",
      "doi": "055201(R)",
      "section": "Chaotic dynamics",
      "source": "Doc1"
    },
    {
      "id": "P027",
      "authors": "Tsuda, I. & Umemura",
      "year": 2003,
      "title": "Chaotic itinerancy generated by coupling of Milnor attractors",
      "journal": "Chaos",
      "volume": "13",
      "issue": "3",
      "pages": "937-946",
      "section": "Chaotic dynamics",
      "source": "Doc1"
    },
    {
      "id": "P028",
      "authors": "Miller et al.",
      "year": 2009,
      "title": "Power-law scaling in the brain surface electric potential",
      "journal": "PLoS Computational Biology",
      "volume": "5",
      "issue": "12",
      "doi": "e1000609",
      "section": "Chaotic dynamics",
      "source": "Doc1"
    },
    {
      "id": "P029",
      "authors": "Cioli et al.",
      "year": 2017,
      "title": "Brain network dynamics adhere to a power law",
      "journal": "Frontiers in Neuroscience",
      "volume": "11",
      "doi": "72",
      "section": "Chaotic dynamics",
      "source": "Doc1"
    },
    {
      "id": "P030",
      "authors": "Friston, K. & Ao, P.",
      "year": 2012,
      "title": "Perception and self-organized instability",
      "journal": "Frontiers in Computational Neuroscience",
      "volume": "6",
      "doi": "44",
      "section": "Chaotic dynamics",
      "source": "Doc1"
    },
    {
      "id": "P031",
      "authors": "Hameroff et al.",
      "year": 2024,
      "title": "Laying the foundations for a theory of consciousness: the significance of critical brain dynamics",
      "journal": "Frontiers in Human Neuroscience",
      "volume": "18",
      "doi": "1379191",
      "section": "Chaotic dynamics",
      "source": "Doc1"
    },
    {
      "id": "P032",
      "authors": "Lu, M.",
      "year": 2024,
      "title": "Riemannian geometry framework for intelligence",
      "journal": "arXiv",
      "arxiv": "2407.11024v5",
      "section": "Information geometry",
      "source": "Doc1"
    },
    {
      "id": "P033",
      "authors": "Huang, Mashour, & Hudetz",
      "year": 2023,
      "title": "Functional geometry of the cortex encodes dimensions of consciousness",
      "journal": "Nature Communications",
      "volume": "14",
      "doi": "72",
      "section": "Information geometry",
      "source": "Doc1"
    },
    {
      "id": "P034",
      "authors": "Sergent et al.",
      "year": 2021,
      "title": "Bifurcation in brain dynamics reveals a signature of conscious processing independent of report",
      "journal": "Nature Communications",
      "volume": "12",
      "doi": "1149",
      "section": "Information geometry",
      "source": "Doc1"
    },
    {
      "id": "P035",
      "authors": "Chen, Wang, & Fu",
      "year": 2024,
      "title": "Quantum information geometry by the ground-state energy and the criticality of the scalar curvature",
      "journal": "Physica A",
      "volume": "654",
      "doi": "130286",
      "section": "Information geometry",
      "source": "Doc1"
    },
    {
      "id": "P036",
      "authors": "Farooq et al.",
      "year": 2019,
      "title": "Network curvature as a hallmark of brain structural connectivity",
      "journal": "Nature Communications",
      "volume": "10",
      "doi": "4937",
      "section": "Information geometry",
      "source": "Doc1"
    },
    {
      "id": "P037",
      "authors": "Tian, Ma, & Wu",
      "year": 2021,
      "title": "Fisher Information applications in neural dynamics",
      "journal": "Physical Review Research",
      "volume": "3",
      "doi": "043085",
      "section": "Information geometry",
      "source": "Doc1"
    },
    {
      "id": "P038",
      "authors": "Rychkov, S. & Su, N.",
      "year": 2024,
      "title": "New Developments in the Numerical Conformal Bootstrap",
      "journal": "Reviews of Modern Physics",
      "volume": "96",
      "doi": "045004",
      "section": "Bootstrap consistency",
      "source": "Doc1"
    },
    {
      "id": "P039",
      "authors": "Correia, Sever, & Zhiboedov",
      "year": 2021,
      "title": "An Analytical Toolkit for the S-matrix Bootstrap",
      "journal": "JHEP",
      "volume": "2021",
      "doi": "013",
      "section": "Bootstrap consistency",
      "source": "Doc1"
    },
    {
      "id": "P040",
      "authors": "Gumus et al.",
      "year": 2024,
      "title": "The S-matrix Bootstrap with Neural Optimizers",
      "journal": "arXiv",
      "arxiv": "2412.09610",
      "section": "Bootstrap consistency",
      "source": "Doc1"
    },
    {
      "id": "P041",
      "authors": "Guerrieri, Homrich, & Vieira",
      "year": 2024,
      "title": "Multiparticle bootstrap constraints",
      "journal": "arXiv",
      "arxiv": "2404.10812",
      "section": "Bootstrap consistency",
      "source": "Doc1"
    },
    {
      "id": "P042",
      "authors": "Gibbs, P.",
      "year": 2017,
      "title": "Consciousness Bootstrapped",
      "journal": "FQXi Essay",
      "section": "Bootstrap consistency",
      "source": "Doc1"
    },
    {
      "id": "P043",
      "authors": "Rabinovich et al.",
      "year": 2006,
      "title": "Dynamical principles in neuroscience",
      "journal": "Reviews of Modern Physics",
      "volume": "78",
      "issue": "4",
      "pages": "1213-1265",
      "section": "Mathematical frameworks",
      "source": "Doc2",
      "citations": "~1,300+"
    },
    {
      "id": "P044",
      "authors": "Breakspear",
      "year": 2017,
      "title": "Dynamic models of large-scale brain activity",
      "journal": "Nature Neuroscience",
      "volume": "20",
      "issue": "3",
      "pages": "340-352",
      "section": "Mathematical frameworks",
      "source": "Doc2",
      "citations": "~240+"
    },
    {
      "id": "P045",
      "authors": "Gu et al.",
      "year": 2015,
      "title": "Controllability of structural brain networks",
      "journal": "Nature Communications",
      "volume": "6",
      "doi": "8414",
      "section": "Mathematical frameworks",
      "source": "Doc2",
      "citations": "~1,700+"
    },
    {
      "id": "P046",
      "authors": "Kitzbichler et al.",
      "year": 2009,
      "title": "Broadband criticality of human brain network synchronization",
      "journal": "PLoS Computational Biology",
      "volume": "5",
      "issue": "3",
      "doi": "e1000314",
      "section": "Mathematical frameworks",
      "source": "Doc2",
      "citations": "~560+"
    },
    {
      "id": "P047",
      "authors": "Freeman & Skarda",
      "year": 1987,
      "title": "How brains make chaos in order to make sense of the world",
      "journal": "Behavioral and Brain Sciences",
      "volume": "10",
      "issue": "2",
      "pages": "161-173",
      "section": "Mathematical frameworks",
      "source": "Doc2",
      "citations": "~900+"
    },
    {
      "id": "P048",
      "authors": "Tsuda, I.",
      "year": 2001,
      "title": "Toward an interpretation of dynamic neural activity in terms of chaotic dynamical systems",
      "journal": "Behavioral and Brain Sciences",
      "volume": "24",
      "issue": "5",
      "pages": "793-810",
      "section": "Mathematical frameworks",
      "source": "Doc2",
      "citations": "~400+"
    },
    {
      "id": "P049",
      "authors": "Kelso et al.",
      "year": 1992,
      "title": "A phase transition in human brain and behavior",
      "journal": "Physics Letters A",
      "volume": "169",
      "issue": "3",
      "pages": "134-144",
      "section": "Mathematical frameworks",
      "source": "Doc2",
      "citations": "~450+"
    },
    {
      "id": "P050",
      "authors": "Haken, Kelso & Bunz",
      "year": 1985,
      "title": "A theoretical model of phase transitions in human hand movements",
      "journal": "Biological Cybernetics",
      "volume": "51",
      "issue": "5",
      "pages": "347-356",
      "section": "Mathematical frameworks",
      "source": "Doc2",
      "citations": "~2,100+"
    },
    {
      "id": "P051",
      "authors": "Deco et al.",
      "year": 2008,
      "title": "The dynamic brain: From spiking neurons to neural masses and cortical fields",
      "journal": "PLoS Computational Biology",
      "volume": "4",
      "issue": "8",
      "doi": "e1000092",
      "section": "Mathematical frameworks",
      "source": "Doc2",
      "citations": "~1,200+"
    },
    {
      "id": "P052",
      "authors": "Breakspear & Stam",
      "year": 2005,
      "title": "Dynamics of a neural system with a multiscale architecture",
      "journal": "Philosophical Transactions of the Royal Society B",
      "volume": "360",
      "issue": "1457",
      "pages": "1051-1074",
      "section": "Mathematical frameworks",
      "source": "Doc2",
      "citations": "~280+"
    },
    {
      "id": "P053",
      "authors": "Cocchi et al.",
      "year": 2017,
      "title": "Criticality in the brain: A synthesis",
      "journal": "Progress in Neurobiology",
      "volume": "158",
      "pages": "132-152",
      "section": "Mathematical frameworks",
      "source": "Doc2",
      "citations": "~320+"
    },
    {
      "id": "P055",
      "authors": "Sizemore et al.",
      "year": 2019,
      "title": "The importance of the whole: Topological data analysis",
      "journal": "Network Neuroscience",
      "volume": "3",
      "issue": "3",
      "pages": "656-673",
      "section": "Mathematical frameworks",
      "source": "Doc2",
      "citations": "~280+"
    },
    {
      "id": "P056",
      "authors": "Saggar et al.",
      "year": 2018,
      "title": "Towards a new approach using topological data analysis",
      "journal": "Nature Communications",
      "volume": "9",
      "issue": "1",
      "doi": "1399",
      "section": "Mathematical frameworks",
      "source": "Doc2",
      "citations": "~310+"
    },
    {
      "id": "P057",
      "authors": "Heitmann & Breakspear",
      "year": 2018,
      "title": "Putting the \"dynamic\" back into dynamic functional connectivity",
      "journal": "Network Neuroscience",
      "volume": "2",
      "issue": "2",
      "pages": "150-174",
      "section": "Mathematical frameworks",
      "source": "Doc2",
      "citations": "~180+"
    }
  ],
  "statistics": {
    "by_year": {
      "2024": 15,
      "2021": 4,
      "2003": 2,
      "2025": 6,
      "2017": 5,
      "2023": 2,
      "2020": 2,
      "2016": 1,
      "2018": 3,
      "2007": 1,
      "2015": 2,
      "2002": 1,
      "2009": 2,
      "2012": 1,
      "2019": 2,
      "2006": 1,
      "1987": 1,
      "2001": 1,
      "1992": 1,
      "1985": 1,
      "2008": 1,
      "2005": 1
    },
    "by_section": {
      "Category theory": 6,
      "Self-reference quantification": 5,
      "Holographic principles": 6,
      "Quantum measurement": 7,
      "Chaotic dynamics": 7,
      "Information geometry": 6,
      "Bootstrap consistency": 5,
      "Mathematical frameworks": 14
    },
    "by_journal": {
      "Unknown": 1,
      "Consciousness and Cognition": 1,
      "arXiv": 8,
      "Neuroscience of Consciousness": 3,
      "Bulletin of Symbolic Logic": 1,
      "Biosystems": 1,
      "Entropy": 1,
      "Brain Multiphysics": 1,
      "Advances in Experimental Medicine and Biology": 1,
      "Frontiers in Systems Neuroscience": 1,
      "Frontiers in Computational Neuroscience": 2,
      "SSRN Abstract": 1,
      "Research Square": 1,
      "Nature": 1,
      "npj Quantum Information": 1,
      "Physical Review X": 1,
      "Physical Review Letters": 1,
      "Physics Reports": 1,
      "Current Opinion in Neurobiology": 1,
      "Physical Review E": 1,
      "Chaos": 1,
      "PLoS Computational Biology": 3,
      "Frontiers in Neuroscience": 1,
      "Frontiers in Human Neuroscience": 1,
      "Nature Communications": 5,
      "Physica A": 1,
      "Physical Review Research": 1,
      "Reviews of Modern Physics": 2,
      "JHEP": 1,
      "FQXi Essay": 1,
      "Nature Neuroscience": 1,
      "Behavioral and Brain Sciences": 2,
      "Physics Letters A": 1,
      "Biological Cybernetics": 1,
      "Philosophical Transactions of the Royal Society B": 1,
      "Progress in Neurobiology": 1,
      "Network Neuroscience": 2
    },
    "by_source": {
      "Doc1": 42,
      "Doc2": 14
    }
  }
}